{"meta": {"version": "6.5.0", "timestamp": "2022-11-19T15:31:55.849113", "branch_coverage": false, "show_contexts": false}, "files": {"test_app.py": {"executed_lines": [1, 2, 4, 5, 8, 9, 10, 13, 14, 22, 27, 28, 29, 30, 31, 36, 37, 38, 41, 42, 48, 49, 52, 53, 54, 55, 56, 62, 63, 66, 67, 68, 69, 70, 76, 77, 80, 81, 86, 87, 94, 95, 101, 102, 105, 106, 113, 114, 123, 124, 130, 131], "summary": {"covered_lines": 52, "num_statements": 54, "percent_covered": 96.29629629629629, "percent_covered_display": "96", "missing_lines": 2, "excluded_lines": 0}, "missing_lines": [32, 33], "excluded_lines": []}}, "totals": {"covered_lines": 52, "num_statements": 54, "percent_covered": 96.29629629629629, "percent_covered_display": "96", "missing_lines": 2, "excluded_lines": 0}}